{"cameraMode":{"drawMode":0,"name":"Shaded","section":"Shading Mode"},"sceneLighting":true,"audioPlay":false,"sceneViewState":{"m_AlwaysRefresh":false,"showFog":true,"showSkybox":true,"showFlares":true,"showImageEffects":true,"showParticleSystems":true,"showVisualEffectGraphs":true,"m_FxEnabled":true},"in2DMode":false,"pivot":{"x":73.25314331054688,"y":3.4941024780273439,"z":63.93937683105469},"rotation":{"x":-0.05961190536618233,"y":0.7778885364532471,"z":0.07466744631528855,"w":0.6211104393005371},"size":45.530208587646487,"orthographic":true}